Predictiveness,Categories
0.132589351,Duration
0.118489629,Valence
0.114044083,Instrumentalness
0.105507989,Liveness
0.103148559,Acousticness
0.081890725,Danceability
0.081035308,Tempo
0.079931547,Popularity
0.065995937,Loudness
0.062331725,Speechiness
0.048694846,Energy
0.005439639,Mode
0.000831981, TimeSignature
6.87E-05,Explicit
